"State","percentage","race","se","education"
"UnitedStates",33.2,"total",0.07,"higher education"
"Alabama",26.3,"total",0.4,"higher education"
"Alaska",31.1,"total",1.22,"higher education"
"Arizona",30.1,"total",0.24,"higher education"
"Arkansas",23.2,"total",0.41,"higher education"
"California",35,"total",0.11,"higher education"
"Colorado",42.8,"total",0.35,"higher education"
"Connecticut",40.1,"total",0.34,"higher education"
"Delaware",34,"total",0.78,"higher education"
"District of Columbia",59.8,"total",0.81,"higher education"
"Florida",30.7,"total",0.17,"higher education"
"Georgia",32.5,"total",0.24,"higher education"
"Hawaii",33,"total",0.58,"higher education"
"Idaho",29.1,"total",0.65,"higher education"
"Illinois",36,"total",0.22,"higher education"
"Indiana",27.1,"total",0.26,"higher education"
"Iowa",29.6,"total",0.45,"higher education"
"Kansas",33.2,"total",0.49,"higher education"
"Kentucky",25.3,"total",0.29,"higher education"
"Louisiana",25,"total",0.33,"higher education"
"Maine",32.9,"total",0.69,"higher education"
"Maryland",40.9,"total",0.28,"higher education"
"Massachusetts",45,"total",0.3,"higher education"
"Michigan",30.2,"total",0.25,"higher education"
"Minnesota",37.3,"total",0.33,"higher education"
"Mississippi",22,"total",0.43,"higher education"
"Missouri",30.2,"total",0.33,"higher education"
"Montana",33,"total",0.67,"higher education"
"Nebraska",33.8,"total",0.6,"higher education"
"Nevada",25.7,"total",0.37,"higher education"
"New Hampshire",38.1,"total",0.67,"higher education"
"New Jersey",41.2,"total",0.24,"higher education"
"New Mexico",28.2,"total",0.43,"higher education"
"New York",37.9,"total",0.18,"higher education"
"North Carolina",32.2,"total",0.25,"higher education"
"North Dakota",29.4,"total",1.03,"higher education"
"Ohio",29.4,"total",0.19,"higher education"
"Oklahoma",26.1,"total",0.36,"higher education"
"Oregon",34.2,"total",0.34,"higher education"
"Pennsylvania",32.5,"total",0.22,"higher education"
"Rhode Island",35,"total",0.65,"higher education"
"South Carolina",29.4,"total",0.28,"higher education"
"South Dakota",29.9,"total",1.01,"higher education"
"Tennessee",28.8,"total",0.29,"higher education"
"Texas",30.8,"total",0.15,"higher education"
"Utah",35.2,"total",0.5,"higher education"
"Vermont",39.3,"total",1.1,"higher education"
"Virginia",39.8,"total",0.26,"higher education"
"Washington",36.9,"total",0.25,"higher education"
"West Virginia",21.5,"total",0.45,"higher education"
"Wisconsin",31.2,"total",0.35,"higher education"
"Wyoming",29.1,"total",0.89,"higher education"
"UnitedStates",88.6,"total",0.04,"lower education"
"Alabama",86.9,"total",0.25,"lower education"
"Alaska",94,"total",0.46,"lower education"
"Arizona",87.7,"total",0.23,"lower education"
"Arkansas",87.3,"total",0.29,"lower education"
"California",84.1,"total",0.09,"lower education"
"Colorado",92.5,"total",0.18,"lower education"
"Connecticut",90.9,"total",0.2,"lower education"
"Delaware",90.4,"total",0.51,"lower education"
"District of Columbia",91.8,"total",0.6,"lower education"
"Florida",88.4,"total",0.13,"lower education"
"Georgia",87.9,"total",0.16,"lower education"
"Hawaii",92.3,"total",0.39,"lower education"
"Idaho",91.9,"total",0.32,"lower education"
"Illinois",89.9,"total",0.15,"lower education"
"Indiana",89.6,"total",0.22,"lower education"
"Iowa",92.9,"total",0.25,"lower education"
"Kansas",91.6,"total",0.3,"lower education"
"Kentucky",87.2,"total",0.26,"lower education"
"Louisiana",86,"total",0.25,"lower education"
"Maine",93.1,"total",0.32,"lower education"
"Maryland",90.5,"total",0.2,"lower education"
"Massachusetts",91.4,"total",0.2,"lower education"
"Michigan",91.4,"total",0.15,"lower education"
"Minnesota",93.5,"total",0.18,"lower education"
"Mississippi",85.1,"total",0.31,"lower education"
"Missouri",90.6,"total",0.2,"lower education"
"Montana",94.2,"total",0.38,"lower education"
"Nebraska",92.2,"total",0.31,"lower education"
"Nevada",86.9,"total",0.33,"lower education"
"New Hampshire",93.5,"total",0.33,"lower education"
"New Jersey",90.4,"total",0.15,"lower education"
"New Mexico",86.1,"total",0.4,"lower education"
"New York",87.6,"total",0.13,"lower education"
"North Carolina",88.6,"total",0.17,"lower education"
"North Dakota",93.4,"total",0.5,"lower education"
"Ohio",90.9,"total",0.14,"lower education"
"Oklahoma",88.3,"total",0.26,"lower education"
"Oregon",91.3,"total",0.23,"lower education"
"Pennsylvania",91.1,"total",0.14,"lower education"
"Rhode Island",89.5,"total",0.54,"lower education"
"South Carolina",88.3,"total",0.23,"lower education"
"South Dakota",92.3,"total",0.58,"lower education"
"Tennessee",88,"total",0.21,"lower education"
"Texas",84.7,"total",0.11,"lower education"
"Utah",93.1,"total",0.25,"lower education"
"Vermont",93.2,"total",0.51,"lower education"
"Virginia",90.3,"total",0.18,"lower education"
"Washington",91.7,"total",0.19,"lower education"
"West Virginia",87,"total",0.4,"lower education"
"Wisconsin",92.7,"total",0.19,"lower education"
"Wyoming",94.5,"total",0.45,"lower education"
"UnitedStates",36.9,"white",0.07,"higher education"
"Alabama",28.4,"white",0.41,"higher education"
"Alaska",37.4,"white",1.58,"higher education"
"Arizona",36.5,"white",0.35,"higher education"
"Arkansas",24.7,"white",0.48,"higher education"
"California",45.2,"white",0.15,"higher education"
"Colorado",49.2,"white",0.36,"higher education"
"Connecticut",45,"white",0.38,"higher education"
"Delaware",37.1,"white",1.08,"higher education"
"District of Columbia",91.5,"white",0.65,"higher education"
"Florida",34.6,"white",0.2,"higher education"
"Georgia",36.4,"white",0.3,"higher education"
"Hawaii",46.5,"white",1.2,"higher education"
"Idaho",30.4,"white",0.68,"higher education"
"Illinois",40.2,"white",0.28,"higher education"
"Indiana",27.7,"white",0.28,"higher education"
"Iowa",30.6,"white",0.46,"higher education"
"Kansas",36.2,"white",0.55,"higher education"
"Kentucky",25.2,"white",0.33,"higher education"
"Louisiana",28.7,"white",0.41,"higher education"
"Maine",33,"white",0.69,"higher education"
"Maryland",46.5,"white",0.41,"higher education"
"Massachusetts",48.3,"white",0.36,"higher education"
"Michigan",31.3,"white",0.28,"higher education"
"Minnesota",38.9,"white",0.37,"higher education"
"Mississippi",25.7,"white",0.56,"higher education"
"Missouri",31,"white",0.33,"higher education"
"Montana",33.9,"white",0.74,"higher education"
"Nebraska",36.2,"white",0.68,"higher education"
"Nevada",30.9,"white",0.57,"higher education"
"New Hampshire",37.9,"white",0.67,"higher education"
"New Jersey",45.9,"white",0.31,"higher education"
"New Mexico",41.3,"white",0.69,"higher education"
"New York",44.6,"white",0.2,"higher education"
"North Carolina",36,"white",0.26,"higher education"
"North Dakota",31.1,"white",1.17,"higher education"
"Ohio",30.6,"white",0.21,"higher education"
"Oklahoma",28.5,"white",0.44,"higher education"
"Oregon",35.8,"white",0.38,"higher education"
"Pennsylvania",34.1,"white",0.22,"higher education"
"Rhode Island",38.5,"white",0.7,"higher education"
"South Carolina",34.4,"white",0.39,"higher education"
"South Dakota",31.7,"white",1.04,"higher education"
"Tennessee",30.2,"white",0.31,"higher education"
"Texas",39.5,"white",0.21,"higher education"
"Utah",38.3,"white",0.54,"higher education"
"Vermont",39.2,"white",1.11,"higher education"
"Virginia",43.2,"white",0.31,"higher education"
"Washington",37.9,"white",0.29,"higher education"
"West Virginia",21.4,"white",0.47,"higher education"
"Wisconsin",32.6,"white",0.34,"higher education"
"Wyoming",30.7,"white",0.97,"higher education"
"UnitedStates",93.3,"white",0.03,"lower education"
"Alabama",88.9,"white",0.3,"lower education"
"Alaska",96.3,"white",0.54,"lower education"
"Arizona",94.6,"white",0.18,"lower education"
"Arkansas",89.6,"white",0.3,"lower education"
"California",95.4,"white",0.07,"lower education"
"Colorado",96.9,"white",0.13,"lower education"
"Connecticut",94.8,"white",0.19,"lower education"
"Delaware",93.2,"white",0.58,"lower education"
"District of Columbia",99.4,"white",0.19,"lower education"
"Florida",93.2,"white",0.11,"lower education"
"Georgia",91.1,"white",0.19,"lower education"
"Hawaii",97.1,"white",0.4,"lower education"
"Idaho",94.4,"white",0.3,"lower education"
"Illinois",94.7,"white",0.11,"lower education"
"Indiana",91.3,"white",0.22,"lower education"
"Iowa",94.9,"white",0.2,"lower education"
"Kansas",95.1,"white",0.22,"lower education"
"Kentucky",87.7,"white",0.26,"lower education"
"Louisiana",88.8,"white",0.28,"lower education"
"Maine",93.5,"white",0.32,"lower education"
"Maryland",94.2,"white",0.17,"lower education"
"Massachusetts",94.7,"white",0.16,"lower education"
"Michigan",92.8,"white",0.14,"lower education"
"Minnesota",95.9,"white",0.13,"lower education"
"Mississippi",88.4,"white",0.4,"lower education"
"Missouri",91.5,"white",0.22,"lower education"
"Montana",94.8,"white",0.41,"lower education"
"Nebraska",95.7,"white",0.25,"lower education"
"Nevada",94.3,"white",0.3,"lower education"
"New Hampshire",94,"white",0.38,"lower education"
"New Jersey",94.9,"white",0.13,"lower education"
"New Mexico",94.4,"white",0.37,"lower education"
"New York",93.8,"white",0.11,"lower education"
"North Carolina",92.3,"white",0.16,"lower education"
"North Dakota",94.6,"white",0.44,"lower education"
"Ohio",92.1,"white",0.14,"lower education"
"Oklahoma",91.5,"white",0.25,"lower education"
"Oregon",94.4,"white",0.2,"lower education"
"Pennsylvania",93.1,"white",0.13,"lower education"
"Rhode Island",92.2,"white",0.49,"lower education"
"South Carolina",91.4,"white",0.26,"lower education"
"South Dakota",94.4,"white",0.48,"lower education"
"Tennessee",89.5,"white",0.24,"lower education"
"Texas",94.4,"white",0.1,"lower education"
"Utah",96.2,"white",0.21,"lower education"
"Vermont",93.8,"white",0.47,"lower education"
"Virginia",93.2,"white",0.2,"lower education"
"Washington",95,"white",0.14,"lower education"
"West Virginia",86.8,"white",0.43,"lower education"
"Wisconsin",94.7,"white",0.15,"lower education"
"Wyoming",95.8,"white",0.41,"lower education"
"UnitedStates",22.7,"black",0.12,"higher education"
"Alabama",19.9,"black",0.78,"higher education"
"Alaska",21.8,"black",7.06,"higher education"
"Arizona",27.4,"black",1.41,"higher education"
"Arkansas",17.7,"black",1.07,"higher education"
"California",27.5,"black",0.57,"higher education"
"Colorado",27,"black",1.88,"higher education"
"Connecticut",23.4,"black",1.23,"higher education"
"Delaware",24.8,"black",1.81,"higher education"
"District of Columbia",28.7,"black",1.4,"higher education"
"Florida",19.4,"black",0.43,"higher education"
"Georgia",24.8,"black",0.45,"higher education"
"Hawaii",32.5,"black",5.33,"higher education"
"Idaho",19.4,"black",6.62,"higher education"
"Illinois",23,"black",0.56,"higher education"
"Indiana",20.2,"black",1,"higher education"
"Iowa",13.5,"black",2.05,"higher education"
"Kansas",21.9,"black",2.06,"higher education"
"Kentucky",20.3,"black",1.24,"higher education"
"Louisiana",17.4,"black",0.52,"higher education"
"Maine",34.2,"black",6.39,"higher education"
"Maryland",31.2,"black",0.57,"higher education"
"Massachusetts",28.6,"black",1.27,"higher education"
"Michigan",18.2,"black",0.6,"higher education"
"Minnesota",20.3,"black",1.9,"higher education"
"Mississippi",15.6,"black",0.62,"higher education"
"Missouri",20,"black",0.87,"higher education"
"Montana",NA,"black",NA,"higher education"
"Nebraska",21.8,"black",3.69,"higher education"
"Nevada",18.7,"black",1.38,"higher education"
"New Hampshire",42.6,"black",7.08,"higher education"
"New Jersey",25.3,"black",0.79,"higher education"
"New Mexico",30,"black",3.92,"higher education"
"New York",25.3,"black",0.5,"higher education"
"North Carolina",21.9,"black",0.56,"higher education"
"North Dakota",30.2,"black",8.29,"higher education"
"Ohio",17,"black",0.5,"higher education"
"Oklahoma",21.3,"black",1.44,"higher education"
"Oregon",26.6,"black",2.92,"higher education"
"Pennsylvania",21.2,"black",0.76,"higher education"
"Rhode Island",26.2,"black",3.5,"higher education"
"South Carolina",17.5,"black",0.57,"higher education"
"South Dakota",17.2,"black",5.01,"higher education"
"Tennessee",21.7,"black",0.82,"higher education"
"Texas",25.6,"black",0.52,"higher education"
"Utah",19.9,"black",4.09,"higher education"
"Vermont",NA,"black",NA,"higher education"
"Virginia",24.6,"black",0.65,"higher education"
"Washington",24.7,"black",1.46,"higher education"
"West Virginia",13.4,"black",2.28,"higher education"
"Wisconsin",16.1,"black",1.43,"higher education"
"Wyoming",NA,"black",NA,"higher education"
"UnitedStates",87.3,"black",0.1,"lower education"
"Alabama",84.6,"black",0.53,"lower education"
"Alaska",97.7,"black",1.77,"lower education"
"Arizona",91.4,"black",0.92,"lower education"
"Arkansas",87.4,"black",0.94,"lower education"
"California",90.7,"black",0.33,"lower education"
"Colorado",93.1,"black",0.91,"lower education"
"Connecticut",86.7,"black",0.97,"lower education"
"Delaware",90.2,"black",1.21,"lower education"
"District of Columbia",86.3,"black",1.2,"lower education"
"Florida",84.7,"black",0.37,"lower education"
"Georgia",88,"black",0.28,"lower education"
"Hawaii",99.3,"black",0.63,"lower education"
"Idaho",98.3,"black",1.8,"lower education"
"Illinois",86.5,"black",0.46,"lower education"
"Indiana",87.3,"black",0.87,"lower education"
"Iowa",81.4,"black",2.61,"lower education"
"Kansas",87.9,"black",1.64,"lower education"
"Kentucky",88.1,"black",0.99,"lower education"
"Louisiana",82.2,"black",0.53,"lower education"
"Maine",77,"black",6.25,"lower education"
"Maryland",90.5,"black",0.38,"lower education"
"Massachusetts",87.2,"black",0.78,"lower education"
"Michigan",88.1,"black",0.58,"lower education"
"Minnesota",82.3,"black",1.46,"lower education"
"Mississippi",80.6,"black",0.66,"lower education"
"Missouri",87.8,"black",0.64,"lower education"
"Montana",NA,"black",NA,"lower education"
"Nebraska",87.6,"black",2.68,"lower education"
"Nevada",89.9,"black",0.82,"lower education"
"New Hampshire",86.2,"black",4.48,"lower education"
"New Jersey",89.2,"black",0.43,"lower education"
"New Mexico",91.4,"black",2.12,"lower education"
"New York",86,"black",0.4,"lower education"
"North Carolina",86.2,"black",0.44,"lower education"
"North Dakota",96.5,"black",2.21,"lower education"
"Ohio",86.7,"black",0.45,"lower education"
"Oklahoma",89,"black",1.12,"lower education"
"Oregon",90.2,"black",2.09,"lower education"
"Pennsylvania",88.5,"black",0.62,"lower education"
"Rhode Island",92.5,"black",1.62,"lower education"
"South Carolina",83.8,"black",0.53,"lower education"
"South Dakota",78.4,"black",8.3,"lower education"
"Tennessee",87.5,"black",0.59,"lower education"
"Texas",91.4,"black",0.23,"lower education"
"Utah",89.1,"black",4.7,"lower education"
"Vermont",NA,"black",NA,"lower education"
"Virginia",86.7,"black",0.46,"lower education"
"Washington",90,"black",1.23,"lower education"
"West Virginia",92.1,"black",1.86,"lower education"
"Wisconsin",85.6,"black",1.5,"lower education"
"Wyoming",NA,"black",NA,"lower education"
"UnitedStates",17.6,"hispanic",0.13,"higher education"
"Alabama",16.9,"hispanic",1.69,"higher education"
"Alaska",28.8,"hispanic",5.13,"higher education"
"Arizona",14.2,"hispanic",0.47,"higher education"
"Arkansas",9.3,"hispanic",1.37,"higher education"
"California",14.3,"hispanic",0.17,"higher education"
"Colorado",18.5,"hispanic",0.65,"higher education"
"Connecticut",18.7,"hispanic",0.93,"higher education"
"Delaware",11.9,"hispanic",1.91,"higher education"
"District of Columbia",52.6,"hispanic",3.36,"higher education"
"Florida",25.5,"hispanic",0.44,"higher education"
"Georgia",18.9,"hispanic",0.79,"higher education"
"Hawaii",22.2,"hispanic",2.13,"higher education"
"Idaho",11.6,"hispanic",1.55,"higher education"
"Illinois",16.8,"hispanic",0.53,"higher education"
"Indiana",16.8,"hispanic",1.02,"higher education"
"Iowa",13.9,"hispanic",1.82,"higher education"
"Kansas",11.9,"hispanic",1.3,"higher education"
"Kentucky",19.8,"hispanic",1.66,"higher education"
"Louisiana",17.6,"hispanic",1.66,"higher education"
"Maine",41.6,"hispanic",6.13,"higher education"
"Maryland",21.5,"hispanic",1.05,"higher education"
"Massachusetts",20.4,"hispanic",0.83,"higher education"
"Michigan",20,"hispanic",1.16,"higher education"
"Minnesota",22,"hispanic",1.71,"higher education"
"Mississippi",11.2,"hispanic",1.8,"higher education"
"Missouri",21.3,"hispanic",1.88,"higher education"
"Montana",25.7,"hispanic",4.48,"higher education"
"Nebraska",13.5,"hispanic",1.42,"higher education"
"Nevada",10.6,"hispanic",0.67,"higher education"
"New Hampshire",25.5,"hispanic",3.02,"higher education"
"New Jersey",21,"hispanic",0.59,"higher education"
"New Mexico",17.4,"hispanic",0.64,"higher education"
"New York",21.1,"hispanic",0.42,"higher education"
"North Carolina",17.2,"hispanic",0.76,"higher education"
"North Dakota",12.4,"hispanic",3.73,"higher education"
"Ohio",20.3,"hispanic",1.24,"higher education"
"Oklahoma",12.5,"hispanic",1.25,"higher education"
"Oregon",16.2,"hispanic",1.04,"higher education"
"Pennsylvania",16.5,"hispanic",0.78,"higher education"
"Rhode Island",13.4,"hispanic",1.87,"higher education"
"South Carolina",17.1,"hispanic",1.28,"higher education"
"South Dakota",25.2,"hispanic",5.88,"higher education"
"Tennessee",17.5,"hispanic",1.3,"higher education"
"Texas",16.1,"hispanic",0.21,"higher education"
"Utah",15.9,"hispanic",1.15,"higher education"
"Vermont",33.2,"hispanic",9.47,"higher education"
"Virginia",26.8,"hispanic",0.87,"higher education"
"Washington",19.1,"hispanic",0.84,"higher education"
"West Virginia",21.6,"hispanic",4.05,"higher education"
"Wisconsin",16.3,"hispanic",1.5,"higher education"
"Wyoming",10.8,"hispanic",2.34,"higher education"
"UnitedStates",70.5,"hispanic",0.15,"lower education"
"Alabama",62.5,"hispanic",2.28,"lower education"
"Alaska",90.2,"hispanic",1.91,"lower education"
"Arizona",71.3,"hispanic",0.76,"lower education"
"Arkansas",57.2,"hispanic",2.32,"lower education"
"California",66.4,"hispanic",0.26,"lower education"
"Colorado",74.9,"hispanic",0.77,"lower education"
"Connecticut",74.2,"hispanic",1.08,"lower education"
"Delaware",62.4,"hispanic",3.88,"lower education"
"District of Columbia",81.8,"hispanic",2.8,"lower education"
"Florida",79.5,"hispanic",0.36,"lower education"
"Georgia",63.9,"hispanic",1.13,"lower education"
"Hawaii",90.7,"hispanic",1.84,"lower education"
"Idaho",71,"hispanic",2.03,"lower education"
"Illinois",71.9,"hispanic",0.77,"lower education"
"Indiana",70.8,"hispanic",1.52,"lower education"
"Iowa",67.2,"hispanic",2.82,"lower education"
"Kansas",67.2,"hispanic",1.79,"lower education"
"Kentucky",69.8,"hispanic",2.61,"lower education"
"Louisiana",74.4,"hispanic",1.96,"lower education"
"Maine",92.9,"hispanic",2.2,"lower education"
"Maryland",67.7,"hispanic",1.54,"lower education"
"Massachusetts",73.7,"hispanic",0.92,"lower education"
"Michigan",76.2,"hispanic",1.59,"lower education"
"Minnesota",72,"hispanic",2.23,"lower education"
"Mississippi",67.8,"hispanic",2.99,"lower education"
"Missouri",79.2,"hispanic",1.57,"lower education"
"Montana",84.1,"hispanic",4.14,"lower education"
"Nebraska",63.2,"hispanic",2.51,"lower education"
"Nevada",67.1,"hispanic",1.14,"lower education"
"New Hampshire",81.3,"hispanic",2.37,"lower education"
"New Jersey",75.6,"hispanic",0.65,"lower education"
"New Mexico",78.3,"hispanic",0.79,"lower education"
"New York",72.5,"hispanic",0.55,"lower education"
"North Carolina",62.4,"hispanic",0.98,"lower education"
"North Dakota",80.8,"hispanic",5.2,"lower education"
"Ohio",78.1,"hispanic",1.38,"lower education"
"Oklahoma",63.3,"hispanic",1.57,"lower education"
"Oregon",68.7,"hispanic",1.44,"lower education"
"Pennsylvania",72.8,"hispanic",1.03,"lower education"
"Rhode Island",72.8,"hispanic",2.65,"lower education"
"South Carolina",66.2,"hispanic",1.9,"lower education"
"South Dakota",75.3,"hispanic",6.28,"lower education"
"Tennessee",61.8,"hispanic",1.6,"lower education"
"Texas",68.3,"hispanic",0.29,"lower education"
"Utah",74.3,"hispanic",1.39,"lower education"
"Vermont",89.6,"hispanic",5.74,"lower education"
"Virginia",73.9,"hispanic",1.19,"lower education"
"Washington",70,"hispanic",1.08,"lower education"
"West Virginia",88.9,"hispanic",3.74,"lower education"
"Wisconsin",72.8,"hispanic",1.82,"lower education"
"Wyoming",79.3,"hispanic",3.29,"lower education"
"UnitedStates",55.9,"asian",0.21,"higher education"
"Alabama",55.9,"asian",3.73,"higher education"
"Alaska",30.3,"asian",4.45,"higher education"
"Arizona",59.9,"asian",1.39,"higher education"
"Arkansas",55.9,"asian",3.26,"higher education"
"California",54.7,"asian",0.32,"higher education"
"Colorado",55.2,"asian",1.67,"higher education"
"Connecticut",65.6,"asian",2.14,"higher education"
"Delaware",67.5,"asian",2.9,"higher education"
"District of Columbia",81.4,"asian",3.61,"higher education"
"Florida",50.9,"asian",0.96,"higher education"
"Georgia",57.9,"asian",1.47,"higher education"
"Hawaii",34.6,"asian",0.95,"higher education"
"Idaho",59.7,"asian",3.97,"higher education"
"Illinois",66.3,"asian",0.96,"higher education"
"Indiana",60.3,"asian",2.36,"higher education"
"Iowa",50.8,"asian",4.43,"higher education"
"Kansas",48.4,"asian",3.29,"higher education"
"Kentucky",62.1,"asian",2.88,"higher education"
"Louisiana",44.3,"asian",3.63,"higher education"
"Maine",35,"asian",6.2,"higher education"
"Maryland",62,"asian",1.36,"higher education"
"Massachusetts",63.3,"asian",1.38,"higher education"
"Michigan",65.3,"asian",1.51,"higher education"
"Minnesota",45.6,"asian",1.74,"higher education"
"Mississippi",46.7,"asian",4.7,"higher education"
"Missouri",64.3,"asian",2.47,"higher education"
"Montana",76.2,"asian",7.56,"higher education"
"Nebraska",48.6,"asian",4.85,"higher education"
"Nevada",43.2,"asian",1.44,"higher education"
"New Hampshire",60.6,"asian",6.23,"higher education"
"New Jersey",71.3,"asian",0.74,"higher education"
"New Mexico",52.4,"asian",4.77,"higher education"
"New York",47.9,"asian",0.59,"higher education"
"North Carolina",59.1,"asian",1.47,"higher education"
"North Dakota",31.5,"asian",11.09,"higher education"
"Ohio",62.2,"asian",1.83,"higher education"
"Oklahoma",43.8,"asian",3.23,"higher education"
"Oregon",53,"asian",1.91,"higher education"
"Pennsylvania",56.7,"asian",1.29,"higher education"
"Rhode Island",57,"asian",3.62,"higher education"
"South Carolina",49.4,"asian",2.78,"higher education"
"South Dakota",36.2,"asian",8.04,"higher education"
"Tennessee",56.4,"asian",2.4,"higher education"
"Texas",60.7,"asian",0.82,"higher education"
"Utah",55.6,"asian",3.47,"higher education"
"Vermont",49.1,"asian",10.79,"higher education"
"Virginia",62.6,"asian",1.11,"higher education"
"Washington",56.6,"asian",0.99,"higher education"
"West Virginia",65.3,"asian",5.14,"higher education"
"Wisconsin",47.9,"asian",2.8,"higher education"
"Wyoming",NA,"asian",NA,"higher education"
"UnitedStates",87.9,"asian",0.12,"lower education"
"Alabama",87.2,"asian",1.85,"lower education"
"Alaska",93.7,"asian",2.26,"lower education"
"Arizona",89.4,"asian",1.11,"lower education"
"Arkansas",89.1,"asian",2.16,"lower education"
"California",88.8,"asian",0.19,"lower education"
"Colorado",90.2,"asian",1,"lower education"
"Connecticut",91.5,"asian",1.41,"lower education"
"Delaware",96,"asian",1.45,"lower education"
"District of Columbia",96.1,"asian",1.49,"lower education"
"Florida",87.4,"asian",0.79,"lower education"
"Georgia",87.1,"asian",0.73,"lower education"
"Hawaii",89.1,"asian",0.71,"lower education"
"Idaho",91.2,"asian",2.83,"lower education"
"Illinois",90.3,"asian",0.6,"lower education"
"Indiana",85.2,"asian",1.97,"lower education"
"Iowa",78.4,"asian",3.4,"lower education"
"Kansas",82.4,"asian",2.59,"lower education"
"Kentucky",86.5,"asian",2.23,"lower education"
"Louisiana",82.1,"asian",2.23,"lower education"
"Maine",82.8,"asian",5.89,"lower education"
"Maryland",89.2,"asian",0.82,"lower education"
"Massachusetts",86.6,"asian",1,"lower education"
"Michigan",90.6,"asian",1.02,"lower education"
"Minnesota",83.2,"asian",1.41,"lower education"
"Mississippi",82.7,"asian",3.06,"lower education"
"Missouri",90.1,"asian",1.46,"lower education"
"Montana",98.4,"asian",1.91,"lower education"
"Nebraska",80.3,"asian",2.89,"lower education"
"Nevada",90.6,"asian",0.85,"lower education"
"New Hampshire",92.6,"asian",2.59,"lower education"
"New Jersey",92.6,"asian",0.44,"lower education"
"New Mexico",89.8,"asian",2.74,"lower education"
"New York",80,"asian",0.48,"lower education"
"North Carolina",87.6,"asian",0.93,"lower education"
"North Dakota",77.7,"asian",11.31,"lower education"
"Ohio",87.1,"asian",1.11,"lower education"
"Oklahoma",81.5,"asian",2.37,"lower education"
"Oregon",87.2,"asian",1.31,"lower education"
"Pennsylvania",84.2,"asian",1.13,"lower education"
"Rhode Island",89.4,"asian",2.25,"lower education"
"South Carolina",86.8,"asian",2.02,"lower education"
"South Dakota",67.9,"asian",8.38,"lower education"
"Tennessee",86.9,"asian",2.02,"lower education"
"Texas",89.5,"asian",0.48,"lower education"
"Utah",90.9,"asian",1.7,"lower education"
"Vermont",78.2,"asian",9.28,"lower education"
"Virginia",90.5,"asian",0.62,"lower education"
"Washington",88.5,"asian",0.67,"lower education"
"West Virginia",87.7,"asian",4.74,"lower education"
"Wisconsin",84.6,"asian",1.72,"lower education"
"Wyoming",NA,"asian",NA,"lower education"
"UnitedStates",36.3,"twoormore",0.34,"higher education"
"Alabama",32.4,"twoormore",4.1,"higher education"
"Alaska",30,"twoormore",5.06,"higher education"
"Arizona",33.3,"twoormore",2.33,"higher education"
"Arkansas",28.3,"twoormore",3.98,"higher education"
"California",43.5,"twoormore",0.82,"higher education"
"Colorado",44.7,"twoormore",2.04,"higher education"
"Connecticut",43.1,"twoormore",2.9,"higher education"
"Delaware",40.9,"twoormore",8.66,"higher education"
"District of Columbia",77.8,"twoormore",4.16,"higher education"
"Florida",33.4,"twoormore",1.53,"higher education"
"Georgia",40.5,"twoormore",2.07,"higher education"
"Hawaii",25.5,"twoormore",1.24,"higher education"
"Idaho",49.5,"twoormore",5.2,"higher education"
"Illinois",41.8,"twoormore",2.19,"higher education"
"Indiana",27.5,"twoormore",2.84,"higher education"
"Iowa",27.4,"twoormore",4.78,"higher education"
"Kansas",23.7,"twoormore",3.23,"higher education"
"Kentucky",28.8,"twoormore",3.39,"higher education"
"Louisiana",26,"twoormore",3.05,"higher education"
"Maine",27,"twoormore",5.14,"higher education"
"Maryland",44.1,"twoormore",2.44,"higher education"
"Massachusetts",52.7,"twoormore",2.64,"higher education"
"Michigan",30.2,"twoormore",2.01,"higher education"
"Minnesota",32,"twoormore",3.04,"higher education"
"Mississippi",32.2,"twoormore",6.14,"higher education"
"Missouri",35.2,"twoormore",2.69,"higher education"
"Montana",34.2,"twoormore",6.02,"higher education"
"Nebraska",30.5,"twoormore",5.51,"higher education"
"Nevada",25.3,"twoormore",2.59,"higher education"
"New Hampshire",36.3,"twoormore",6.8,"higher education"
"New Jersey",44.1,"twoormore",2.72,"higher education"
"New Mexico",32.4,"twoormore",5.08,"higher education"
"New York",39.9,"twoormore",1.34,"higher education"
"North Carolina",35.2,"twoormore",2.2,"higher education"
"North Dakota",12.6,"twoormore",6.16,"higher education"
"Ohio",26.6,"twoormore",2.03,"higher education"
"Oklahoma",25.6,"twoormore",1.69,"higher education"
"Oregon",32.9,"twoormore",1.88,"higher education"
"Pennsylvania",30.7,"twoormore",2.09,"higher education"
"Rhode Island",42.1,"twoormore",6.38,"higher education"
"South Carolina",29.2,"twoormore",2.5,"higher education"
"South Dakota",18.2,"twoormore",6.23,"higher education"
"Tennessee",29.7,"twoormore",2.9,"higher education"
"Texas",39.9,"twoormore",1.39,"higher education"
"Utah",34.5,"twoormore",3.23,"higher education"
"Vermont",50.7,"twoormore",11.36,"higher education"
"Virginia",41.1,"twoormore",2.2,"higher education"
"Washington",34.3,"twoormore",1.22,"higher education"
"West Virginia",25.2,"twoormore",5.15,"higher education"
"Wisconsin",34,"twoormore",3.3,"higher education"
"Wyoming",20.4,"twoormore",9.24,"higher education"
"UnitedStates",91.9,"twoormore",0.18,"lower education"
"Alabama",88.3,"twoormore",2.24,"lower education"
"Alaska",94.8,"twoormore",2.06,"lower education"
"Arizona",92.8,"twoormore",1.48,"lower education"
"Arkansas",88.1,"twoormore",2.55,"lower education"
"California",93.6,"twoormore",0.35,"lower education"
"Colorado",95.8,"twoormore",1.07,"lower education"
"Connecticut",89.8,"twoormore",2.04,"lower education"
"Delaware",92.3,"twoormore",4.04,"lower education"
"District of Columbia",97,"twoormore",1.99,"lower education"
"Florida",89.8,"twoormore",0.99,"lower education"
"Georgia",91.7,"twoormore",1.57,"lower education"
"Hawaii",95.8,"twoormore",0.7,"lower education"
"Idaho",95.7,"twoormore",1.71,"lower education"
"Illinois",90.9,"twoormore",1.23,"lower education"
"Indiana",89.2,"twoormore",1.86,"lower education"
"Iowa",94.9,"twoormore",2.65,"lower education"
"Kansas",90.2,"twoormore",1.72,"lower education"
"Kentucky",88.1,"twoormore",2.11,"lower education"
"Louisiana",88.4,"twoormore",2.18,"lower education"
"Maine",85,"twoormore",4.59,"lower education"
"Maryland",93.5,"twoormore",1.2,"lower education"
"Massachusetts",94.2,"twoormore",1.08,"lower education"
"Michigan",89,"twoormore",1.25,"lower education"
"Minnesota",95.6,"twoormore",1.12,"lower education"
"Mississippi",87.9,"twoormore",3.2,"lower education"
"Missouri",91.6,"twoormore",1.65,"lower education"
"Montana",97.8,"twoormore",1.24,"lower education"
"Nebraska",93.5,"twoormore",3.1,"lower education"
"Nevada",91.7,"twoormore",1.59,"lower education"
"New Hampshire",90.5,"twoormore",3.34,"lower education"
"New Jersey",90.6,"twoormore",1.62,"lower education"
"New Mexico",93.3,"twoormore",2.61,"lower education"
"New York",88,"twoormore",0.99,"lower education"
"North Carolina",90.6,"twoormore",1.61,"lower education"
"North Dakota",93,"twoormore",6.01,"lower education"
"Ohio",88.1,"twoormore",1.4,"lower education"
"Oklahoma",89.5,"twoormore",1.17,"lower education"
"Oregon",93.4,"twoormore",1.16,"lower education"
"Pennsylvania",90.2,"twoormore",1.65,"lower education"
"Rhode Island",88.4,"twoormore",3.44,"lower education"
"South Carolina",90.3,"twoormore",2.46,"lower education"
"South Dakota",91.8,"twoormore",7.21,"lower education"
"Tennessee",87.9,"twoormore",1.73,"lower education"
"Texas",93.3,"twoormore",0.79,"lower education"
"Utah",94.3,"twoormore",1.7,"lower education"
"Vermont",91,"twoormore",5.42,"lower education"
"Virginia",93.5,"twoormore",1.08,"lower education"
"Washington",93.4,"twoormore",0.86,"lower education"
"West Virginia",87.7,"twoormore",3.85,"lower education"
"Wisconsin",94.7,"twoormore",1.61,"lower education"
"Wyoming",97.9,"twoormore",1.65,"lower education"
